gen_file,gen_formula,best_ref,match_level,best_rmsd,best_rmsd_ref,lattice_diff_max_rel,angle_diff_max_deg,volume_diff_rel,gen_crystalsys,ref_crystalsys,candidates
struct_0001_relaxed.cif,BaTiO2,,unique,,,,,,trigonal,,[]
struct_0002_relaxed.cif,Ba2Ti3O10,,unique,,,,,,triclinic,,[]
struct_0003_relaxed.cif,BaTiO4,,unique,,,,,,monoclinic,,[]
struct_0004_relaxed.cif,Ba2TiO3,,unique,,,,,,tetragonal,,[]
struct_0005_relaxed.cif,Ba2Ti2O5,,unique,,,,,,orthorhombic,,[]
struct_0006_relaxed.cif,BaTi2O5,,unique,,,,,,triclinic,,[]
struct_0007_relaxed.cif,Ba2TiO3,,unique,,,,,,tetragonal,,[]
struct_0008_relaxed.cif,BaTiO3,,unique,,,,,,cubic,,[]
struct_0009_relaxed.cif,BaTi4O,,unique,,,,,,tetragonal,,[]
struct_0010_relaxed.cif,Ba2TiO3,,unique,,,,,,tetragonal,,[]
struct_0011_relaxed.cif,BaTiO4,,unique,,,,,,triclinic,,[]
struct_0012_relaxed.cif,Ba3Ti2O6,,unique,,,,,,tetragonal,,[]
struct_0013_relaxed.cif,Ba6Ti3O11,,unique,,,,,,triclinic,,[]
struct_0014_relaxed.cif,Ba3TiO4,,unique,,,,,,triclinic,,[]
struct_0015_relaxed.cif,Ba7Ti2O11,,unique,,,,,,triclinic,,[]
struct_0016_relaxed.cif,Ba2TiO3,,unique,,,,,,triclinic,,[]
struct_0017_relaxed.cif,Ba2Ti2O5,,unique,,,,,,monoclinic,,[]
struct_0018_relaxed.cif,Ba2Ti2O5,,unique,,,,,,tetragonal,,[]
struct_0019_relaxed.cif,BaTiO2,,unique,,,,,,trigonal,,[]
struct_0020_relaxed.cif,Ba5Ti2O7,,unique,,,,,,triclinic,,[]
struct_0021_relaxed.cif,BaTiO4,,unique,,,,,,triclinic,,[]
struct_0022_relaxed.cif,BaTiO2,,unique,,,,,,trigonal,,[]
struct_0023_relaxed.cif,Ba3Ti2O6,,unique,,,,,,tetragonal,,[]
struct_0024_relaxed.cif,Ba2TiO4,,unique,,,,,,monoclinic,,[]
struct_0025_relaxed.cif,BaTiO2,,unique,,,,,,trigonal,,[]
struct_0026_relaxed.cif,Ba6Ti3O10,,unique,,,,,,triclinic,,[]
struct_0027_relaxed.cif,BaTiO2,,unique,,,,,,monoclinic,,[]
struct_0028_relaxed.cif,BaTiO3,,unique,,,,,,monoclinic,,[]
struct_0029_relaxed.cif,Ba2Ti2O5,,unique,,,,,,monoclinic,,[]
struct_0030_relaxed.cif,BaTiO2,,unique,,,,,,triclinic,,[]
struct_0031_relaxed.cif,Ba3TiO4,,unique,,,,,,orthorhombic,,[]
struct_0032_relaxed.cif,BaTiO4,,unique,,,,,,monoclinic,,[]
struct_0033_relaxed.cif,BaTiO2,,unique,,,,,,trigonal,,[]
struct_0034_relaxed.cif,Ba3Ti4O8,,unique,,,,,,monoclinic,,[]
struct_0035_relaxed.cif,Ba3Ti4O11,,unique,,,,,,monoclinic,,[]
struct_0036_relaxed.cif,Ba5Ti3O10,,unique,,,,,,tetragonal,,[]
struct_0037_relaxed.cif,Ba3Ti5O12,,unique,,,,,,triclinic,,[]
struct_0039_relaxed.cif,Ba4Ti3O11,,unique,,,,,,triclinic,,[]
struct_0040_relaxed.cif,BaTiO2,,unique,,,,,,monoclinic,,[]
struct_0041_relaxed.cif,Ba3Ti3O10,,unique,,,,,,triclinic,,[]
struct_0042_relaxed.cif,BaTiO2,,unique,,,,,,trigonal,,[]
struct_0043_relaxed.cif,BaTiO3,,unique,,,,,,cubic,,[]
struct_0044_relaxed.cif,Ba3Ti2O7,,unique,,,,,,triclinic,,[]
struct_0045_relaxed.cif,BaTiO3,,unique,,,,,,triclinic,,[]
struct_0046_relaxed.cif,BaTi2O5,,unique,,,,,,triclinic,,[]
struct_0047_relaxed.cif,BaTiO2,,unique,,,,,,tetragonal,,[]
struct_0048_relaxed.cif,BaTi2O5,,unique,,,,,,monoclinic,,[]
struct_0049_relaxed.cif,BaTi3O6,,unique,,,,,,monoclinic,,[]
struct_0050_relaxed.cif,Ba3Ti3O10,,unique,,,,,,triclinic,,[]
struct_0051_relaxed.cif,Ba2TiO4,,unique,,,,,,tetragonal,,[]
struct_0052_relaxed.cif,Ba4Ti2O9,,unique,,,,,,triclinic,,[]
struct_0053_relaxed.cif,Ba4Ti3O9,,unique,,,,,,triclinic,,[]
struct_0054_relaxed.cif,BaTiO2,,unique,,,,,,trigonal,,[]
struct_0055_relaxed.cif,Ba2TiO5,,unique,,,,,,triclinic,,[]
struct_0056_relaxed.cif,BaTiO2,,unique,,,,,,trigonal,,[]
struct_0057_relaxed.cif,BaTiO3,,unique,,,,,,cubic,,[]
struct_0058_relaxed.cif,Ba4Ti7O7,,unique,,,,,,monoclinic,,[]
struct_0059_relaxed.cif,BaTiO2,,unique,,,,,,trigonal,,[]
struct_0060_relaxed.cif,BaTiO2,,unique,,,,,,monoclinic,,[]
struct_0061_relaxed.cif,Ba2TiO5,,unique,,,,,,triclinic,,[]
struct_0062_relaxed.cif,Ba2Ti2O5,,unique,,,,,,monoclinic,,[]
struct_0063_relaxed.cif,Ba2TiO4,,unique,,,,,,monoclinic,,[]
struct_0064_relaxed.cif,Ba2TiO3,,unique,,,,,,orthorhombic,,[]
struct_0065_relaxed.cif,Ba2TiO4,,unique,,,,,,monoclinic,,[]
struct_0066_relaxed.cif,Ba3Ti2O7,,unique,,,,,,monoclinic,,[]
struct_0067_relaxed.cif,Ba3Ti2O7,,unique,0.025037096016713167,mp-770118.cif,,,,monoclinic,,[]
struct_0068_relaxed.cif,BaTiO3,,unique,,,,,,tetragonal,,[]
struct_0071_relaxed.cif,Ba2TiO4,,unique,,,,,,monoclinic,,[]
struct_0072_relaxed.cif,BaTiO3,,unique,,,,,,triclinic,,[]
struct_0073_relaxed.cif,Ba2TiO4,,unique,,,,,,tetragonal,,[]
struct_0074_relaxed.cif,BaTiO2,,unique,,,,,,monoclinic,,[]
struct_0075_relaxed.cif,BaTiO,,unique,,,,,,tetragonal,,[]
struct_0076_relaxed.cif,BaTi2O5,,unique,,,,,,triclinic,,[]
struct_0077_relaxed.cif,BaTiO2,,unique,,,,,,tetragonal,,[]
struct_0078_relaxed.cif,Ba4Ti3O9,,unique,,,,,,triclinic,,[]
struct_0079_relaxed.cif,BaTiO2,,unique,,,,,,trigonal,,[]
struct_0080_relaxed.cif,Ba3Ti3O10,,unique,,,,,,monoclinic,,[]
struct_0081_relaxed.cif,Ba2TiO4,,unique,,,,,,triclinic,,[]
struct_0082_relaxed.cif,BaTiO2,,unique,,,,,,monoclinic,,[]
struct_0083_relaxed.cif,Ba2TiO3,,unique,,,,,,monoclinic,,[]
struct_0084_relaxed.cif,Ba2TiO3,,unique,,,,,,orthorhombic,,[]
struct_0085_relaxed.cif,Ba3Ti2O7,,unique,,,,,,triclinic,,[]
struct_0086_relaxed.cif,Ba3Ti2O7,,unique,,,,,,triclinic,,[]
struct_0087_relaxed.cif,BaTiO2,,unique,,,,,,trigonal,,[]
struct_0088_relaxed.cif,Ba2TiO4,,unique,,,,,,triclinic,,[]
struct_0089_relaxed.cif,BaTiO4,,unique,,,,,,triclinic,,[]
struct_0090_relaxed.cif,Ba3TiO4,,unique,,,,,,tetragonal,,[]
struct_0092_relaxed.cif,Ba3Ti3O10,,unique,,,,,,triclinic,,[]
struct_0093_relaxed.cif,Ba2TiO4,,unique,,,,,,trigonal,,[]
struct_0094_relaxed.cif,BaTiO2,,unique,,,,,,trigonal,,[]
struct_0096_relaxed.cif,BaTiO4,,unique,,,,,,triclinic,,[]
struct_0097_relaxed.cif,Ba3TiO4,,unique,,,,,,monoclinic,,[]
struct_0098_relaxed.cif,Ba3Ti2O7,,unique,,,,,,orthorhombic,,[]
struct_0099_relaxed.cif,Ba7Ti2O11,,unique,,,,,,triclinic,,[]
struct_0100_relaxed.cif,BaTiO2,,unique,,,,,,trigonal,,[]
struct_0101_relaxed.cif,BaTi2O6,,unique,,,,,,triclinic,,[]
struct_0102_relaxed.cif,Ba3Ti2O7,,unique,0.005657368894455888,mp-770118.cif,,,,orthorhombic,,[]
struct_0103_relaxed.cif,BaTiO3,,unique,,,,,,triclinic,,[]
struct_0104_relaxed.cif,Ba3Ti2O6,,unique,,,,,,orthorhombic,,[]
struct_0106_relaxed.cif,Ba2TiO2,,unique,,,,,,monoclinic,,[]
struct_0108_relaxed.cif,BaTiO2,,unique,,,,,,trigonal,,[]
struct_0109_relaxed.cif,BaTiO3,,unique,,,,,,cubic,,[]
struct_0110_relaxed.cif,BaTiO3,,unique,,,,,,triclinic,,[]
struct_0111_relaxed.cif,BaTiO3,,unique,,,,,,triclinic,,[]
struct_0112_relaxed.cif,Ba3Ti4O11,,unique,,,,,,triclinic,,[]
struct_0114_relaxed.cif,Ba2TiO4,,unique,,,,,,tetragonal,,[]
struct_0115_relaxed.cif,Ba3Ti2O7,,unique,0.025301409758285032,mp-770118.cif,,,,triclinic,,[]
struct_0116_relaxed.cif,Ba3Ti2O7,,unique,0.02414449561375318,mp-770118.cif,,,,triclinic,,[]
struct_0117_relaxed.cif,Ba3Ti4O11,,unique,,,,,,triclinic,,[]
struct_0118_relaxed.cif,BaTiO2,,unique,,,,,,trigonal,,[]
struct_0119_relaxed.cif,Ba3TiO4,,unique,,,,,,triclinic,,[]
struct_0121_relaxed.cif,Ba2TiO4,,unique,,,,,,monoclinic,,[]
struct_0122_relaxed.cif,Ba2TiO3,,unique,,,,,,monoclinic,,[]
struct_0123_relaxed.cif,BaTiO3,,unique,,,,,,trigonal,,[]
struct_0124_relaxed.cif,Ba3Ti2O7,,unique,,,,,,triclinic,,[]
struct_0127_relaxed.cif,BaTiO2,,unique,,,,,,trigonal,,[]
struct_0128_relaxed.cif,BaTiO2,,unique,,,,,,triclinic,,[]
struct_0129_relaxed.cif,Ba2Ti2O5,,unique,,,,,,monoclinic,,[]
struct_0130_relaxed.cif,Ba5Ti2O9,,unique,,,,,,triclinic,,[]
struct_0131_relaxed.cif,Ba3Ti2O6,,unique,,,,,,triclinic,,[]
struct_0132_relaxed.cif,Ba3Ti2O6,,unique,,,,,,monoclinic,,[]
struct_0133_relaxed.cif,BaTiO2,,unique,,,,,,tetragonal,,[]
struct_0134_relaxed.cif,BaTiO2,,unique,,,,,,monoclinic,,[]
struct_0135_relaxed.cif,Ba3Ti3O10,,unique,,,,,,triclinic,,[]
struct_0136_relaxed.cif,BaTiO4,,unique,,,,,,triclinic,,[]
struct_0138_relaxed.cif,Ba5Ti2O9,,unique,,,,,,triclinic,,[]
struct_0139_relaxed.cif,BaTiO2,,unique,,,,,,trigonal,,[]
struct_0140_relaxed.cif,BaTiO,,unique,,,,,,monoclinic,,[]
struct_0141_relaxed.cif,Ba3TiO4,,unique,,,,,,monoclinic,,[]
struct_0142_relaxed.cif,Ba2TiO4,,unique,,,,,,tetragonal,,[]
struct_0144_relaxed.cif,Ba3Ti2O7,,unique,,,,,,orthorhombic,,[]
struct_0145_relaxed.cif,BaTiO2,,unique,,,,,,trigonal,,[]
struct_0146_relaxed.cif,BaTi2O5,,unique,,,,,,monoclinic,,[]
struct_0147_relaxed.cif,Ba3TiO5,,unique,,,,,,trigonal,,[]
struct_0148_relaxed.cif,BaTi2O5,,unique,,,,,,monoclinic,,[]
struct_0149_relaxed.cif,BaTiO4,,unique,,,,,,triclinic,,[]
struct_0150_relaxed.cif,Ba2TiO3,,unique,,,,,,triclinic,,[]
struct_0151_relaxed.cif,Ba2Ti2O5,,unique,,,,,,monoclinic,,[]
struct_0153_relaxed.cif,BaTiO2,,unique,,,,,,monoclinic,,[]
struct_0154_relaxed.cif,Ba3Ti2O7,,unique,0.006619459850390987,mp-770118.cif,,,,monoclinic,,[]
struct_0155_relaxed.cif,BaTiO4,,unique,,,,,,monoclinic,,[]
struct_0156_relaxed.cif,BaTiO2,,unique,,,,,,orthorhombic,,[]
struct_0157_relaxed.cif,BaTiO2,,unique,,,,,,monoclinic,,[]
struct_0158_relaxed.cif,Ba2Ti2O5,,unique,,,,,,monoclinic,,[]
struct_0159_relaxed.cif,BaTi3O7,,unique,,,,,,monoclinic,,[]
struct_0160_relaxed.cif,Ba2TiO4,,unique,,,,,,monoclinic,,[]
struct_0161_relaxed.cif,Ba2Ti2O7,,unique,,,,,,tetragonal,,[]
struct_0162_relaxed.cif,BaTi2O5,,unique,,,,,,triclinic,,[]
struct_0163_relaxed.cif,Ba7Ti2O11,,unique,,,,,,triclinic,,[]
struct_0164_relaxed.cif,BaTiO3,,unique,,,,,,monoclinic,,[]
struct_0165_relaxed.cif,Ba3Ti2O7,,unique,0.006374084124807098,mp-770118.cif,,,,monoclinic,,[]
struct_0170_relaxed.cif,Ba2TiO4,,unique,,,,,,tetragonal,,[]
struct_0172_relaxed.cif,Ba3TiO2,,unique,,,,,,tetragonal,,[]
struct_0173_relaxed.cif,BaTiO4,,unique,,,,,,monoclinic,,[]
struct_0174_relaxed.cif,BaTiO2,,unique,,,,,,tetragonal,,[]
struct_0175_relaxed.cif,Ba3TiO5,,unique,,,,,,monoclinic,,[]
struct_0176_relaxed.cif,Ba3Ti2O7,,unique,,,,,,monoclinic,,[]
struct_0177_relaxed.cif,BaTiO2,,unique,,,,,,trigonal,,[]
struct_0178_relaxed.cif,Ba2TiO3,,unique,,,,,,tetragonal,,[]
struct_0179_relaxed.cif,Ba3Ti2O7,,unique,0.023612593570858435,mp-770118.cif,,,,monoclinic,,[]
struct_0180_relaxed.cif,Ba2Ti2O5,,unique,0.007177693693847198,mp-1076521.cif,,,,orthorhombic,,[]
struct_0181_relaxed.cif,Ba4TiO6,,unique,,,,,,triclinic,,[]
struct_0182_relaxed.cif,Ba3Ti4O3,,unique,,,,,,triclinic,,[]
struct_0183_relaxed.cif,BaTiO4,,unique,,,,,,triclinic,,[]
struct_0186_relaxed.cif,Ba3Ti2O7,,unique,,,,,,triclinic,,[]
struct_0187_relaxed.cif,BaTi2O,,unique,,,,,,triclinic,,[]
struct_0188_relaxed.cif,BaTi2O4,,unique,,,,,,triclinic,,[]
struct_0189_relaxed.cif,BaTiO3,,unique,,,,,,triclinic,,[]
struct_0190_relaxed.cif,BaTiO4,,unique,,,,,,triclinic,,[]
struct_0191_relaxed.cif,BaTiO2,,unique,,,,,,trigonal,,[]
struct_0192_relaxed.cif,Ba2TiO4,,unique,,,,,,tetragonal,,[]
struct_0193_relaxed.cif,Ba2Ti2O5,,unique,,,,,,triclinic,,[]
struct_0195_relaxed.cif,Ba3Ti2O7,,unique,,,,,,orthorhombic,,[]
struct_0196_relaxed.cif,Ba3TiO4,,unique,,,,,,tetragonal,,[]
struct_0199_relaxed.cif,Ba3Ti2O7,,unique,0.034529178906016506,mp-770118.cif,,,,monoclinic,,[]
struct_0200_relaxed.cif,BaTiO2,,unique,,,,,,trigonal,,[]
struct_0201_relaxed.cif,Ba2TiO5,,unique,,,,,,triclinic,,[]
struct_0203_relaxed.cif,BaTiO2,,unique,,,,,,trigonal,,[]
struct_0204_relaxed.cif,Ba5Ti2O9,,unique,,,,,,triclinic,,[]
struct_0205_relaxed.cif,Ba3Ti5O8,,unique,,,,,,monoclinic,,[]
struct_0206_relaxed.cif,BaTiO4,,unique,,,,,,triclinic,,[]
struct_0207_relaxed.cif,BaTiO,,unique,,,,,,trigonal,,[]
struct_0208_relaxed.cif,BaTiO2,,unique,,,,,,trigonal,,[]
struct_0210_relaxed.cif,BaTi2O6,,unique,,,,,,triclinic,,[]
struct_0211_relaxed.cif,BaTiO2,,unique,,,,,,trigonal,,[]
struct_0213_relaxed.cif,BaTiO4,,unique,,,,,,triclinic,,[]
struct_0215_relaxed.cif,Ba2TiO,,unique,,,,,,triclinic,,[]
struct_0216_relaxed.cif,BaTiO2,,unique,,,,,,monoclinic,,[]
struct_0217_relaxed.cif,Ba4TiO3,,unique,,,,,,triclinic,,[]
struct_0218_relaxed.cif,BaTiO2,,unique,,,,,,trigonal,,[]
struct_0219_relaxed.cif,BaTi2O4,,unique,,,,,,monoclinic,,[]
struct_0220_relaxed.cif,Ba3Ti2O7,,unique,,,,,,monoclinic,,[]
struct_0221_relaxed.cif,BaTiO2,,unique,,,,,,trigonal,,[]
struct_0222_relaxed.cif,BaTiO3,,unique,,,,,,cubic,,[]
struct_0223_relaxed.cif,Ba7TiO4,,unique,,,,,,triclinic,,[]
struct_0225_relaxed.cif,BaTiO2,,unique,,,,,,trigonal,,[]
struct_0226_relaxed.cif,BaTiO2,,unique,,,,,,orthorhombic,,[]
struct_0228_relaxed.cif,Ba7TiO7,,unique,,,,,,triclinic,,[]
struct_0229_relaxed.cif,Ba4Ti3O8,,unique,,,,,,triclinic,,[]
struct_0230_relaxed.cif,BaTi3O8,,unique,,,,,,triclinic,,[]
struct_0231_relaxed.cif,Ba3Ti3O8,,unique,,,,,,tetragonal,,[]
struct_0232_relaxed.cif,Ba2TiO4,,unique,,,,,,monoclinic,,[]
struct_0233_relaxed.cif,BaTiO4,,unique,,,,,,triclinic,,[]
struct_0234_relaxed.cif,Ba3Ti4O11,,unique,,,,,,triclinic,,[]
struct_0235_relaxed.cif,BaTiO3,,unique,,,,,,tetragonal,,[]
struct_0237_relaxed.cif,BaTiO4,,unique,,,,,,triclinic,,[]
struct_0238_relaxed.cif,Ba3Ti4O12,,unique,,,,,,tetragonal,,[]
struct_0239_relaxed.cif,Ba3TiO4,,unique,,,,,,monoclinic,,[]
struct_0240_relaxed.cif,Ba2TiO3,,unique,,,,,,orthorhombic,,[]
struct_0241_relaxed.cif,Ba2TiO5,,unique,,,,,,triclinic,,[]
struct_0242_relaxed.cif,BaTiO,,unique,,,,,,monoclinic,,[]
struct_0243_relaxed.cif,Ba3Ti2O7,,unique,0.03569297842112533,mp-770118.cif,,,,monoclinic,,[]
struct_0244_relaxed.cif,Ba2TiO4,,unique,,,,,,orthorhombic,,[]
struct_0247_relaxed.cif,BaTiO3,,unique,,,,,,orthorhombic,,[]
struct_0248_relaxed.cif,BaTiO2,,unique,,,,,,trigonal,,[]
struct_0249_relaxed.cif,Ba3TiO2,,unique,,,,,,tetragonal,,[]
struct_0250_relaxed.cif,Ba2TiO3,,unique,,,,,,monoclinic,,[]
struct_0251_relaxed.cif,Ba3TiO5,,unique,,,,,,orthorhombic,,[]
struct_0252_relaxed.cif,BaTiO2,,unique,,,,,,trigonal,,[]
struct_0253_relaxed.cif,Ba2TiO5,,unique,,,,,,triclinic,,[]
struct_0254_relaxed.cif,BaTiO4,,unique,,,,,,triclinic,,[]
struct_0255_relaxed.cif,Ba2Ti5O13,,unique,,,,,,triclinic,,[]
struct_0256_relaxed.cif,Ba2TiO3,,unique,,,,,,monoclinic,,[]
struct_0257_relaxed.cif,Ba5Ti2O7,,unique,,,,,,triclinic,,[]
struct_0258_relaxed.cif,Ba3TiO4,,unique,,,,,,monoclinic,,[]
struct_0259_relaxed.cif,Ba2Ti2O7,,unique,,,,,,monoclinic,,[]
struct_0260_relaxed.cif,BaTiO3,,unique,,,,,,monoclinic,,[]
struct_0261_relaxed.cif,Ba3Ti2O6,,unique,,,,,,tetragonal,,[]
struct_0262_relaxed.cif,Ba2TiO4,,unique,,,,,,monoclinic,,[]
struct_0263_relaxed.cif,BaTi2O5,,unique,,,,,,triclinic,,[]
struct_0264_relaxed.cif,Ba3Ti2O7,,unique,0.005052898145610996,mp-770118.cif,,,,orthorhombic,,[]
struct_0266_relaxed.cif,Ba2TiO4,,unique,,,,,,tetragonal,,[]
struct_0267_relaxed.cif,BaTiO4,,unique,,,,,,triclinic,,[]
struct_0268_relaxed.cif,Ba2Ti3O9,,unique,,,,,,monoclinic,,[]
struct_0269_relaxed.cif,BaTiO3,,unique,,,,,,monoclinic,,[]
struct_0270_relaxed.cif,Ba4Ti3O8,,unique,,,,,,triclinic,,[]
struct_0271_relaxed.cif,Ba2TiO3,,unique,,,,,,triclinic,,[]
struct_0272_relaxed.cif,Ba3Ti2O7,,unique,0.005068076837531324,mp-770118.cif,,,,orthorhombic,,[]
struct_0273_relaxed.cif,BaTiO3,,unique,,,,,,monoclinic,,[]
struct_0274_relaxed.cif,Ba3Ti2O7,,unique,0.03423575387309645,mp-770118.cif,,,,monoclinic,,[]
struct_0275_relaxed.cif,Ba3Ti2O6,,unique,,,,,,tetragonal,,[]
struct_0278_relaxed.cif,BaTi2O,,unique,,,,,,orthorhombic,,[]
struct_0279_relaxed.cif,Ba2TiO3,,unique,,,,,,monoclinic,,[]
struct_0280_relaxed.cif,Ba3TiO4,,unique,,,,,,tetragonal,,[]
struct_0281_relaxed.cif,Ba4Ti4O11,,unique,,,,,,monoclinic,,[]
struct_0282_relaxed.cif,BaTiO4,,unique,,,,,,monoclinic,,[]
struct_0283_relaxed.cif,BaTiO2,,unique,,,,,,monoclinic,,[]
struct_0284_relaxed.cif,BaTiO2,,unique,,,,,,monoclinic,,[]
struct_0285_relaxed.cif,Ba3Ti2O7,,unique,0.006596393654574838,mp-770118.cif,,,,monoclinic,,[]
struct_0286_relaxed.cif,BaTiO3,,unique,,,,,,triclinic,,[]
struct_0287_relaxed.cif,BaTi2O,,unique,,,,,,orthorhombic,,[]
struct_0288_relaxed.cif,Ba3Ti2O9,,unique,,,,,,monoclinic,,[]
struct_0290_relaxed.cif,BaTiO3,,unique,,,,,,triclinic,,[]
struct_0291_relaxed.cif,Ba4Ti4O9,,unique,,,,,,monoclinic,,[]
struct_0292_relaxed.cif,BaTiO3,,unique,,,,,,tetragonal,,[]
struct_0293_relaxed.cif,Ba3TiO7,,unique,,,,,,triclinic,,[]
struct_0294_relaxed.cif,Ba3Ti2O6,,unique,,,,,,tetragonal,,[]
struct_0295_relaxed.cif,Ba3TiO5,,unique,,,,,,orthorhombic,,[]
struct_0297_relaxed.cif,Ba5Ti3O10,,unique,,,,,,monoclinic,,[]
struct_0298_relaxed.cif,BaTiO2,,unique,,,,,,trigonal,,[]
struct_0299_relaxed.cif,BaTiO2,,unique,,,,,,orthorhombic,,[]
struct_0300_relaxed.cif,Ba4TiO3,,unique,,,,,,triclinic,,[]
struct_0301_relaxed.cif,Ba2Ti2O7,,unique,,,,,,orthorhombic,,[]
struct_0302_relaxed.cif,Ba3Ti6O11,,unique,,,,,,triclinic,,[]
struct_0303_relaxed.cif,Ba2Ti2O7,,unique,,,,,,triclinic,,[]
struct_0304_relaxed.cif,BaTiO3,,unique,,,,,,monoclinic,,[]
struct_0305_relaxed.cif,Ba3Ti2O7,,unique,0.034914755872795265,mp-770118.cif,,,,triclinic,,[]
struct_0306_relaxed.cif,Ba2TiO4,,unique,,,,,,tetragonal,,[]
struct_0307_relaxed.cif,Ba2Ti2O7,,unique,,,,,,monoclinic,,[]
struct_0308_relaxed.cif,BaTiO2,,unique,,,,,,trigonal,,[]
struct_0309_relaxed.cif,BaTiO3,,unique,,,,,,trigonal,,[]
struct_0310_relaxed.cif,BaTiO4,,unique,,,,,,triclinic,,[]
struct_0311_relaxed.cif,BaTi2O5,,unique,,,,,,orthorhombic,,[]
struct_0312_relaxed.cif,BaTiO2,,unique,,,,,,tetragonal,,[]
struct_0313_relaxed.cif,Ba2TiO3,,unique,,,,,,monoclinic,,[]
struct_0314_relaxed.cif,Ba2TiO3,,unique,,,,,,orthorhombic,,[]
struct_0316_relaxed.cif,Ba3Ti2O7,,unique,0.006428159894729984,mp-770118.cif,,,,monoclinic,,[]
struct_0317_relaxed.cif,BaTi4O7,,unique,,,,,,monoclinic,,[]
struct_0318_relaxed.cif,BaTi2O6,,unique,,,,,,tetragonal,,[]
struct_0319_relaxed.cif,Ba4Ti3O11,,unique,,,,,,monoclinic,,[]
struct_0320_relaxed.cif,BaTiO2,,unique,,,,,,trigonal,,[]
struct_0321_relaxed.cif,Ba3Ti2O7,,unique,0.024830302585977033,mp-770118.cif,,,,monoclinic,,[]
struct_0323_relaxed.cif,Ba2Ti3O7,,unique,,,,,,monoclinic,,[]
struct_0324_relaxed.cif,BaTiO2,,unique,,,,,,trigonal,,[]
struct_0325_relaxed.cif,BaTiO3,,unique,,,,,,monoclinic,,[]
struct_0326_relaxed.cif,BaTiO3,,unique,,,,,,triclinic,,[]
struct_0327_relaxed.cif,BaTiO2,,unique,,,,,,tetragonal,,[]
struct_0328_relaxed.cif,BaTiO2,,unique,,,,,,trigonal,,[]
struct_0329_relaxed.cif,BaTiO2,,unique,,,,,,trigonal,,[]
struct_0330_relaxed.cif,Ba4Ti3O9,,unique,,,,,,triclinic,,[]
struct_0332_relaxed.cif,BaTiO2,,unique,,,,,,monoclinic,,[]
struct_0333_relaxed.cif,BaTiO3,,unique,,,,,,monoclinic,,[]
struct_0334_relaxed.cif,Ba2TiO5,,unique,,,,,,triclinic,,[]
struct_0336_relaxed.cif,Ba3Ti3O10,,unique,,,,,,triclinic,,[]
struct_0337_relaxed.cif,BaTiO3,,unique,,,,,,monoclinic,,[]
struct_0338_relaxed.cif,Ba2TiO,,unique,,,,,,monoclinic,,[]
struct_0339_relaxed.cif,Ba3Ti2O7,,unique,0.034173743935112334,mp-770118.cif,,,,monoclinic,,[]
struct_0340_relaxed.cif,Ba3Ti2O7,,unique,,,,,,triclinic,,[]
struct_0341_relaxed.cif,BaTiO2,,unique,,,,,,tetragonal,,[]
struct_0342_relaxed.cif,Ba2TiO4,,unique,,,,,,tetragonal,,[]
struct_0343_relaxed.cif,Ba2Ti3O7,,unique,,,,,,monoclinic,,[]
struct_0344_relaxed.cif,Ba3Ti2O5,,unique,,,,,,triclinic,,[]
struct_0345_relaxed.cif,Ba2TiO4,,unique,,,,,,tetragonal,,[]
struct_0346_relaxed.cif,BaTiO4,,unique,,,,,,monoclinic,,[]
struct_0347_relaxed.cif,Ba3Ti2O7,,unique,0.02555456976563594,mp-770118.cif,,,,triclinic,,[]
struct_0348_relaxed.cif,BaTiO3,,unique,,,,,,monoclinic,,[]
struct_0349_relaxed.cif,Ba3Ti2O7,,unique,0.025010247143943565,mp-770118.cif,,,,monoclinic,,[]
struct_0350_relaxed.cif,Ba4Ti3O11,,unique,,,,,,triclinic,,[]
struct_0352_relaxed.cif,BaTiO2,,unique,,,,,,monoclinic,,[]
struct_0353_relaxed.cif,Ba2Ti2O5,,unique,,,,,,monoclinic,,[]
struct_0354_relaxed.cif,BaTiO2,,unique,,,,,,trigonal,,[]
struct_0355_relaxed.cif,BaTiO2,,unique,,,,,,trigonal,,[]
struct_0356_relaxed.cif,BaTiO3,,unique,,,,,,tetragonal,,[]
struct_0357_relaxed.cif,BaTi4O7,,unique,,,,,,triclinic,,[]
struct_0358_relaxed.cif,BaTiO3,,unique,,,,,,triclinic,,[]
struct_0359_relaxed.cif,Ba3Ti2O7,,unique,0.02547457902550409,mp-770118.cif,,,,monoclinic,,[]
struct_0360_relaxed.cif,BaTiO2,,unique,,,,,,trigonal,,[]
struct_0361_relaxed.cif,Ba3Ti5O10,,unique,,,,,,triclinic,,[]
struct_0362_relaxed.cif,BaTiO2,,unique,,,,,,trigonal,,[]
struct_0364_relaxed.cif,Ba2Ti3O7,,unique,,,,,,monoclinic,,[]
struct_0366_relaxed.cif,BaTiO2,,unique,,,,,,trigonal,,[]
struct_0368_relaxed.cif,Ba2TiO5,,unique,,,,,,monoclinic,,[]
struct_0369_relaxed.cif,Ba2TiO4,,unique,,,,,,monoclinic,,[]
struct_0370_relaxed.cif,BaTiO3,,unique,0.098769920095588,9016084.cif,,,,tetragonal,,[]
struct_0371_relaxed.cif,Ba2TiO3,,unique,,,,,,tetragonal,,[]
struct_0372_relaxed.cif,Ba5Ti4O11,,unique,,,,,,triclinic,,[]
struct_0374_relaxed.cif,Ba5Ti3O4,,unique,,,,,,monoclinic,,[]
struct_0375_relaxed.cif,Ba3Ti2O7,,unique,0.006571990314880315,mp-770118.cif,,,,monoclinic,,[]
struct_0376_relaxed.cif,BaTiO2,,unique,,,,,,trigonal,,[]
struct_0377_relaxed.cif,Ba3Ti2O7,,unique,0.005151899679916325,mp-770118.cif,,,,monoclinic,,[]
struct_0378_relaxed.cif,Ba3TiO4,,unique,,,,,,orthorhombic,,[]
struct_0379_relaxed.cif,BaTi2O5,,unique,,,,,,monoclinic,,[]
struct_0381_relaxed.cif,BaTiO2,,unique,,,,,,trigonal,,[]
struct_0382_relaxed.cif,Ba2TiO4,,unique,,,,,,triclinic,,[]
struct_0383_relaxed.cif,Ba7Ti2O7,,unique,,,,,,triclinic,,[]
struct_0384_relaxed.cif,Ba5Ti3O10,,unique,,,,,,triclinic,,[]
struct_0385_relaxed.cif,BaTiO2,,unique,,,,,,trigonal,,[]
struct_0386_relaxed.cif,Ba3TiO4,,unique,,,,,,monoclinic,,[]
struct_0388_relaxed.cif,BaTi4O8,,unique,,,,,,monoclinic,,[]
struct_0389_relaxed.cif,BaTiO2,,unique,,,,,,trigonal,,[]
struct_0390_relaxed.cif,BaTiO2,,unique,,,,,,monoclinic,,[]
struct_0391_relaxed.cif,BaTiO2,,unique,,,,,,trigonal,,[]
struct_0393_relaxed.cif,BaTiO3,,unique,,,,,,triclinic,,[]
struct_0394_relaxed.cif,BaTiO2,,unique,,,,,,orthorhombic,,[]
struct_0395_relaxed.cif,BaTiO2,,unique,,,,,,tetragonal,,[]
struct_0397_relaxed.cif,BaTiO2,,unique,,,,,,trigonal,,[]
struct_0398_relaxed.cif,Ba3TiO4,,unique,,,,,,triclinic,,[]
struct_0400_relaxed.cif,BaTiO2,,unique,,,,,,monoclinic,,[]
struct_0401_relaxed.cif,Ba4Ti3O9,,unique,,,,,,tetragonal,,[]
struct_0402_relaxed.cif,BaTiO2,,unique,,,,,,triclinic,,[]
struct_0403_relaxed.cif,Ba3Ti2O6,,unique,,,,,,tetragonal,,[]
struct_0404_relaxed.cif,Ba3TiO5,,unique,,,,,,triclinic,,[]
struct_0405_relaxed.cif,Ba7TiO7,,unique,,,,,,triclinic,,[]
struct_0406_relaxed.cif,BaTiO2,,unique,,,,,,hexagonal,,[]
struct_0407_relaxed.cif,Ba2Ti3O7,,unique,,,,,,triclinic,,[]
struct_0408_relaxed.cif,BaTiO2,,unique,,,,,,monoclinic,,[]
struct_0409_relaxed.cif,Ba5Ti4O11,,unique,,,,,,triclinic,,[]
struct_0410_relaxed.cif,Ba3Ti2O7,,unique,0.024760372393025313,mp-770118.cif,,,,monoclinic,,[]
struct_0411_relaxed.cif,BaTiO2,,unique,,,,,,orthorhombic,,[]
struct_0412_relaxed.cif,Ba3Ti2O7,,unique,0.00540165057693553,mp-770118.cif,,,,monoclinic,,[]
struct_0413_relaxed.cif,Ba2TiO5,,unique,,,,,,triclinic,,[]
struct_0414_relaxed.cif,Ba3TiO5,,unique,,,,,,orthorhombic,,[]
struct_0415_relaxed.cif,Ba4Ti3O11,,unique,,,,,,monoclinic,,[]
struct_0417_relaxed.cif,BaTiO2,,unique,,,,,,orthorhombic,,[]
struct_0418_relaxed.cif,Ba2TiO5,,unique,,,,,,triclinic,,[]
struct_0419_relaxed.cif,Ba2TiO3,,unique,,,,,,monoclinic,,[]
struct_0420_relaxed.cif,BaTiO3,,unique,,,,,,monoclinic,,[]
struct_0421_relaxed.cif,Ba4Ti2O9,,unique,,,,,,trigonal,,[]
struct_0422_relaxed.cif,BaTiO3,,unique,,,,,,cubic,,[]
struct_0423_relaxed.cif,Ba3TiO4,,unique,,,,,,triclinic,,[]
struct_0424_relaxed.cif,Ba2TiO3,,unique,,,,,,triclinic,,[]
struct_0425_relaxed.cif,Ba2TiO3,,unique,,,,,,orthorhombic,,[]
struct_0426_relaxed.cif,Ba2Ti2O5,,unique,,,,,,monoclinic,,[]
struct_0427_relaxed.cif,Ba4Ti2O7,,unique,,,,,,triclinic,,[]
struct_0428_relaxed.cif,Ba2TiO3,,unique,,,,,,orthorhombic,,[]
struct_0429_relaxed.cif,BaTiO3,,unique,,,,,,triclinic,,[]
struct_0430_relaxed.cif,BaTiO2,,unique,,,,,,triclinic,,[]
struct_0431_relaxed.cif,Ba3TiO4,,unique,,,,,,monoclinic,,[]
struct_0432_relaxed.cif,BaTiO2,,unique,,,,,,monoclinic,,[]
struct_0433_relaxed.cif,Ba3TiO6,,unique,,,,,,cubic,,[]
struct_0434_relaxed.cif,Ba2Ti3O7,,unique,,,,,,triclinic,,[]
struct_0436_relaxed.cif,BaTiO2,,unique,,,,,,trigonal,,[]
struct_0437_relaxed.cif,Ba3TiO4,,unique,,,,,,monoclinic,,[]
struct_0438_relaxed.cif,BaTiO2,,unique,,,,,,tetragonal,,[]
struct_0439_relaxed.cif,BaTiO2,,unique,,,,,,trigonal,,[]
struct_0440_relaxed.cif,BaTiO3,,unique,,,,,,monoclinic,,[]
struct_0441_relaxed.cif,BaTiO3,,unique,,,,,,monoclinic,,[]
struct_0444_relaxed.cif,BaTiO2,,unique,,,,,,monoclinic,,[]
struct_0445_relaxed.cif,BaTi3O7,,unique,,,,,,triclinic,,[]
struct_0446_relaxed.cif,BaTiO4,,unique,,,,,,monoclinic,,[]
struct_0447_relaxed.cif,BaTi2O,,unique,,,,,,monoclinic,,[]
struct_0449_relaxed.cif,Ba2TiO3,,unique,,,,,,orthorhombic,,[]
struct_0451_relaxed.cif,Ba3Ti2O7,,unique,,,,,,monoclinic,,[]
struct_0453_relaxed.cif,BaTiO2,,unique,,,,,,trigonal,,[]
struct_0454_relaxed.cif,Ba3Ti3O10,,unique,,,,,,triclinic,,[]
struct_0455_relaxed.cif,Ba3Ti3O8,,unique,,,,,,triclinic,,[]
struct_0456_relaxed.cif,Ba2TiO4,,unique,,,,,,monoclinic,,[]
struct_0457_relaxed.cif,Ba2TiO4,,unique,,,,,,tetragonal,,[]
struct_0458_relaxed.cif,BaTiO2,,unique,,,,,,trigonal,,[]
struct_0460_relaxed.cif,BaTiO2,,unique,,,,,,trigonal,,[]
struct_0461_relaxed.cif,Ba2TiO6,,unique,,,,,,triclinic,,[]
struct_0462_relaxed.cif,Ba3Ti2O6,,unique,,,,,,tetragonal,,[]
struct_0463_relaxed.cif,BaTiO2,,unique,,,,,,trigonal,,[]
struct_0464_relaxed.cif,BaTi4O7,,unique,,,,,,monoclinic,,[]
struct_0465_relaxed.cif,Ba2TiO3,,unique,,,,,,tetragonal,,[]
struct_0466_relaxed.cif,BaTiO3,,unique,,,,,,monoclinic,,[]
struct_0467_relaxed.cif,Ba7Ti3O10,,unique,,,,,,triclinic,,[]
struct_0468_relaxed.cif,Ba2TiO3,,unique,,,,,,orthorhombic,,[]
struct_0469_relaxed.cif,BaTi2O4,,unique,,,,,,orthorhombic,,[]
struct_0470_relaxed.cif,Ba3Ti4O8,,unique,,,,,,monoclinic,,[]
struct_0471_relaxed.cif,BaTiO3,,unique,,,,,,cubic,,[]
struct_0472_relaxed.cif,Ba4Ti3O9,,unique,,,,,,triclinic,,[]
struct_0474_relaxed.cif,Ba5Ti3O12,,unique,,,,,,triclinic,,[]
struct_0475_relaxed.cif,BaTiO2,,unique,,,,,,trigonal,,[]
struct_0476_relaxed.cif,BaTi2O2,,unique,,,,,,tetragonal,,[]
struct_0477_relaxed.cif,BaTiO2,,unique,,,,,,monoclinic,,[]
struct_0478_relaxed.cif,Ba3Ti2O7,,unique,0.006775071056178603,mp-770118.cif,,,,orthorhombic,,[]
struct_0479_relaxed.cif,Ba5TiO6,,unique,,,,,,monoclinic,,[]
struct_0480_relaxed.cif,BaTiO3,,unique,,,,,,triclinic,,[]
struct_0481_relaxed.cif,Ba3Ti3O10,,unique,,,,,,tetragonal,,[]
struct_0482_relaxed.cif,BaTi2O3,,unique,,,,,,triclinic,,[]
struct_0483_relaxed.cif,Ba4Ti3O9,,unique,,,,,,monoclinic,,[]
struct_0484_relaxed.cif,Ba2TiO5,,unique,,,,,,triclinic,,[]
struct_0485_relaxed.cif,Ba2TiO,,unique,,,,,,monoclinic,,[]
struct_0486_relaxed.cif,BaTiO2,,unique,,,,,,monoclinic,,[]
struct_0488_relaxed.cif,Ba3Ti4O9,,unique,,,,,,monoclinic,,[]
struct_0489_relaxed.cif,Ba3TiO6,,unique,,,,,,triclinic,,[]
struct_0490_relaxed.cif,Ba2Ti2O7,,unique,,,,,,triclinic,,[]
struct_0491_relaxed.cif,Ba3Ti4O11,,unique,,,,,,triclinic,,[]
struct_0492_relaxed.cif,Ba4TiO7,,unique,,,,,,triclinic,,[]
struct_0493_relaxed.cif,BaTiO,,unique,,,,,,tetragonal,,[]
struct_0494_relaxed.cif,Ba2TiO4,,unique,,,,,,monoclinic,,[]
struct_0495_relaxed.cif,BaTi2O6,,unique,,,,,,monoclinic,,[]
struct_0496_relaxed.cif,Ba3Ti2O5,,unique,,,,,,triclinic,,[]
struct_0499_relaxed.cif,BaTiO4,,unique,,,,,,triclinic,,[]
struct_0500_relaxed.cif,BaTi2O,,unique,,,,,,orthorhombic,,[]
struct_0501_relaxed.cif,Ba4Ti3O9,,unique,,,,,,monoclinic,,[]
struct_0502_relaxed.cif,Ba3Ti4O9,,unique,,,,,,monoclinic,,[]
struct_0503_relaxed.cif,Ba3TiO2,,unique,,,,,,tetragonal,,[]
struct_0504_relaxed.cif,Ba2TiO4,,unique,,,,,,tetragonal,,[]
struct_0505_relaxed.cif,Ba6TiO5,,unique,,,,,,triclinic,,[]
struct_0506_relaxed.cif,BaTiO3,,unique,,,,,,monoclinic,,[]
struct_0507_relaxed.cif,Ba2Ti2O5,,unique,,,,,,monoclinic,,[]
struct_0508_relaxed.cif,BaTiO4,,unique,,,,,,triclinic,,[]
struct_0510_relaxed.cif,Ba2TiO3,,unique,,,,,,triclinic,,[]
struct_0511_relaxed.cif,BaTiO2,,unique,,,,,,trigonal,,[]
struct_0512_relaxed.cif,Ba3Ti3O10,,unique,,,,,,monoclinic,,[]
struct_0513_relaxed.cif,BaTi2O7,,unique,,,,,,triclinic,,[]
struct_0514_relaxed.cif,Ba2Ti2O5,,unique,,,,,,orthorhombic,,[]
struct_0515_relaxed.cif,Ba2Ti3O7,,unique,,,,,,monoclinic,,[]
struct_0516_relaxed.cif,Ba3Ti2O7,,unique,0.004638675489014819,mp-770118.cif,,,,orthorhombic,,[]
struct_0517_relaxed.cif,Ba4Ti3O11,,unique,,,,,,triclinic,,[]
struct_0518_relaxed.cif,Ba3Ti3O10,,unique,,,,,,tetragonal,,[]
struct_0519_relaxed.cif,BaTiO2,,unique,,,,,,orthorhombic,,[]
struct_0520_relaxed.cif,Ba3Ti2O8,,unique,,,,,,triclinic,,[]
struct_0521_relaxed.cif,BaTiO3,,unique,,,,,,orthorhombic,,[]
struct_0522_relaxed.cif,BaTiO3,,unique,,,,,,trigonal,,[]
struct_0523_relaxed.cif,Ba2Ti2O7,,unique,,,,,,triclinic,,[]
struct_0524_relaxed.cif,BaTiO3,,unique,,,,,,triclinic,,[]
struct_0525_relaxed.cif,BaTiO2,,unique,,,,,,tetragonal,,[]
struct_0526_relaxed.cif,Ba3Ti4O9,,unique,,,,,,triclinic,,[]
struct_0527_relaxed.cif,Ba2TiO3,,unique,,,,,,triclinic,,[]
struct_0528_relaxed.cif,BaTiO2,,unique,,,,,,trigonal,,[]
struct_0529_relaxed.cif,BaTiO3,,unique,,,,,,monoclinic,,[]
struct_0530_relaxed.cif,BaTiO2,,unique,,,,,,trigonal,,[]
struct_0531_relaxed.cif,BaTiO2,,unique,,,,,,triclinic,,[]
struct_0532_relaxed.cif,BaTiO2,,unique,,,,,,trigonal,,[]
struct_0533_relaxed.cif,Ba3Ti2O7,,unique,0.024995352037591637,mp-770118.cif,,,,triclinic,,[]
struct_0534_relaxed.cif,Ba4Ti3O11,,unique,,,,,,monoclinic,,[]
struct_0535_relaxed.cif,Ba2Ti2O5,,unique,,,,,,monoclinic,,[]
struct_0536_relaxed.cif,BaTiO2,,unique,,,,,,trigonal,,[]
struct_0537_relaxed.cif,BaTiO2,,unique,,,,,,hexagonal,,[]
struct_0538_relaxed.cif,Ba3Ti2O7,,unique,0.0054214437092512955,mp-770118.cif,,,,monoclinic,,[]
struct_0539_relaxed.cif,BaTiO2,,unique,,,,,,trigonal,,[]
struct_0540_relaxed.cif,BaTiO2,,unique,,,,,,trigonal,,[]
struct_0541_relaxed.cif,BaTiO2,,unique,,,,,,trigonal,,[]
struct_0542_relaxed.cif,BaTi2O5,,unique,,,,,,triclinic,,[]
struct_0543_relaxed.cif,Ba2Ti2O5,,unique,,,,,,monoclinic,,[]
struct_0544_relaxed.cif,Ba3Ti4O11,,unique,,,,,,triclinic,,[]
struct_0545_relaxed.cif,Ba2TiO4,,unique,,,,,,triclinic,,[]
struct_0547_relaxed.cif,Ba2TiO5,,unique,,,,,,triclinic,,[]
struct_0548_relaxed.cif,BaTiO3,,unique,,,,,,tetragonal,,[]
struct_0549_relaxed.cif,BaTiO3,,unique,,,,,,triclinic,,[]
struct_0552_relaxed.cif,BaTiO4,,unique,,,,,,monoclinic,,[]
struct_0553_relaxed.cif,Ba3TiO4,,unique,,,,,,orthorhombic,,[]
struct_0554_relaxed.cif,BaTiO2,,unique,,,,,,trigonal,,[]
struct_0555_relaxed.cif,BaTiO2,,unique,,,,,,tetragonal,,[]
struct_0556_relaxed.cif,BaTiO2,,unique,,,,,,trigonal,,[]
struct_0557_relaxed.cif,BaTi2O6,,unique,,,,,,monoclinic,,[]
struct_0558_relaxed.cif,BaTiO3,,unique,,,,,,monoclinic,,[]
struct_0559_relaxed.cif,Ba2TiO3,,unique,,,,,,triclinic,,[]
struct_0560_relaxed.cif,Ba3Ti3O10,,unique,,,,,,monoclinic,,[]
struct_0561_relaxed.cif,Ba3Ti2O3,,unique,,,,,,triclinic,,[]
struct_0562_relaxed.cif,Ba2TiO4,,unique,,,,,,tetragonal,,[]
struct_0563_relaxed.cif,BaTiO4,,unique,,,,,,monoclinic,,[]
struct_0564_relaxed.cif,Ba5TiO9,,unique,,,,,,triclinic,,[]
struct_0565_relaxed.cif,BaTiO2,,unique,,,,,,trigonal,,[]
struct_0566_relaxed.cif,BaTiO2,,unique,,,,,,monoclinic,,[]
struct_0567_relaxed.cif,BaTiO2,,unique,,,,,,orthorhombic,,[]
struct_0568_relaxed.cif,Ba3Ti2O7,,unique,0.0051970853209204445,mp-770118.cif,,,,orthorhombic,,[]
struct_0569_relaxed.cif,Ba3Ti2O7,,unique,0.0070979287336720735,mp-770118.cif,,,,monoclinic,,[]
struct_0570_relaxed.cif,BaTiO,,unique,,,,,,monoclinic,,[]
struct_0571_relaxed.cif,Ba2TiO3,,unique,,,,,,monoclinic,,[]
struct_0572_relaxed.cif,BaTiO,,unique,,,,,,tetragonal,,[]
struct_0573_relaxed.cif,BaTiO2,,unique,,,,,,orthorhombic,,[]
struct_0574_relaxed.cif,BaTiO2,,unique,,,,,,tetragonal,,[]
struct_0575_relaxed.cif,Ba3TiO6,,unique,,,,,,monoclinic,,[]
struct_0578_relaxed.cif,Ba3TiO4,,unique,,,,,,monoclinic,,[]
struct_0579_relaxed.cif,BaTiO2,,unique,,,,,,hexagonal,,[]
struct_0580_relaxed.cif,BaTi2O6,,unique,,,,,,monoclinic,,[]
struct_0581_relaxed.cif,BaTi2O5,,unique,,,,,,orthorhombic,,[]
struct_0582_relaxed.cif,Ba3TiO4,,unique,,,,,,tetragonal,,[]
struct_0583_relaxed.cif,BaTi3O4,,unique,,,,,,triclinic,,[]
struct_0584_relaxed.cif,BaTi3O8,,unique,,,,,,monoclinic,,[]
struct_0585_relaxed.cif,BaTiO3,,unique,,,,,,monoclinic,,[]
struct_0586_relaxed.cif,Ba2Ti2O5,,unique,,,,,,monoclinic,,[]
struct_0587_relaxed.cif,Ba2TiO6,,unique,,,,,,triclinic,,[]
struct_0588_relaxed.cif,BaTiO2,,unique,,,,,,trigonal,,[]
struct_0590_relaxed.cif,Ba2Ti2O7,,unique,,,,,,tetragonal,,[]
struct_0591_relaxed.cif,Ba3Ti2O,,unique,,,,,,triclinic,,[]
struct_0592_relaxed.cif,Ba5Ti2O9,,unique,,,,,,triclinic,,[]
struct_0593_relaxed.cif,Ba2TiO5,,unique,,,,,,triclinic,,[]
struct_0594_relaxed.cif,Ba2TiO3,,unique,,,,,,tetragonal,,[]
struct_0595_relaxed.cif,BaTiO2,,unique,,,,,,trigonal,,[]
struct_0596_relaxed.cif,BaTiO2,,unique,,,,,,trigonal,,[]
struct_0597_relaxed.cif,Ba3Ti2O7,,unique,0.03449873057504667,mp-770118.cif,,,,monoclinic,,[]
struct_0598_relaxed.cif,Ba3TiO4,,unique,,,,,,tetragonal,,[]
struct_0599_relaxed.cif,Ba2Ti3O7,,unique,,,,,,triclinic,,[]
struct_0600_relaxed.cif,BaTiO2,,unique,,,,,,trigonal,,[]
struct_0601_relaxed.cif,Ba3Ti3O8,,unique,,,,,,triclinic,,[]
struct_0602_relaxed.cif,Ba2TiO4,,unique,,,,,,tetragonal,,[]
struct_0603_relaxed.cif,Ba3TiO5,,unique,,,,,,orthorhombic,,[]
struct_0604_relaxed.cif,BaTiO2,,unique,,,,,,triclinic,,[]
struct_0606_relaxed.cif,Ba3TiO4,,unique,,,,,,monoclinic,,[]
struct_0607_relaxed.cif,Ba2TiO4,,unique,,,,,,triclinic,,[]
struct_0608_relaxed.cif,Ba2TiO3,,unique,,,,,,triclinic,,[]
struct_0609_relaxed.cif,Ba3Ti2O7,,unique,0.025097455142831872,mp-770118.cif,,,,monoclinic,,[]
struct_0610_relaxed.cif,Ba2TiO4,,unique,,,,,,tetragonal,,[]
struct_0611_relaxed.cif,Ba3TiO2,,unique,,,,,,tetragonal,,[]
struct_0612_relaxed.cif,Ba4Ti3O11,,unique,,,,,,triclinic,,[]
struct_0613_relaxed.cif,Ba2Ti3O7,,unique,,,,,,triclinic,,[]
struct_0614_relaxed.cif,BaTiO2,,unique,,,,,,trigonal,,[]
struct_0616_relaxed.cif,BaTiO4,,unique,,,,,,monoclinic,,[]
struct_0617_relaxed.cif,BaTiO4,,unique,,,,,,triclinic,,[]
struct_0618_relaxed.cif,Ba3Ti4O8,,unique,,,,,,monoclinic,,[]
struct_0620_relaxed.cif,BaTiO2,,unique,,,,,,trigonal,,[]
struct_0621_relaxed.cif,Ba3Ti2O7,,unique,0.005973441036933708,mp-770118.cif,,,,orthorhombic,,[]
struct_0622_relaxed.cif,Ba3Ti3O10,,unique,,,,,,monoclinic,,[]
struct_0623_relaxed.cif,Ba3Ti2O7,,unique,,,,,,triclinic,,[]
struct_0624_relaxed.cif,BaTiO2,,unique,,,,,,trigonal,,[]
struct_0626_relaxed.cif,BaTiO2,,unique,,,,,,orthorhombic,,[]
struct_0627_relaxed.cif,Ba3TiO4,,unique,,,,,,triclinic,,[]
struct_0628_relaxed.cif,Ba3Ti2O7,,unique,0.024900384940668558,mp-770118.cif,,,,monoclinic,,[]
struct_0629_relaxed.cif,Ba2TiO4,,unique,,,,,,tetragonal,,[]
struct_0630_relaxed.cif,BaTiO2,,unique,,,,,,trigonal,,[]
struct_0631_relaxed.cif,BaTiO2,,unique,,,,,,tetragonal,,[]
struct_0632_relaxed.cif,Ba3Ti2O7,,unique,0.006569457302409997,mp-770118.cif,,,,monoclinic,,[]
struct_0633_relaxed.cif,BaTiO3,,unique,,,,,,trigonal,,[]
struct_0634_relaxed.cif,Ba3TiO5,,unique,,,,,,orthorhombic,,[]
struct_0635_relaxed.cif,BaTiO2,,unique,,,,,,tetragonal,,[]
struct_0636_relaxed.cif,BaTiO2,,unique,,,,,,orthorhombic,,[]
struct_0637_relaxed.cif,BaTiO4,,unique,,,,,,triclinic,,[]
struct_0638_relaxed.cif,Ba2Ti3O5,,unique,,,,,,triclinic,,[]
struct_0639_relaxed.cif,Ba3Ti5O12,,unique,,,,,,monoclinic,,[]
struct_0640_relaxed.cif,Ba3Ti3O8,,unique,,,,,,tetragonal,,[]
struct_0641_relaxed.cif,BaTiO3,,unique,0.09260653070429985,9016084.cif,,,,tetragonal,,[]
struct_0642_relaxed.cif,Ba2TiO6,,unique,,,,,,triclinic,,[]
struct_0643_relaxed.cif,BaTiO2,,unique,,,,,,triclinic,,[]
struct_0644_relaxed.cif,BaTiO2,,unique,,,,,,monoclinic,,[]
struct_0645_relaxed.cif,BaTi2O,,unique,,,,,,tetragonal,,[]
struct_0646_relaxed.cif,BaTiO2,,unique,,,,,,tetragonal,,[]
struct_0647_relaxed.cif,Ba5Ti3O8,,unique,,,,,,triclinic,,[]
struct_0648_relaxed.cif,BaTiO2,,unique,,,,,,trigonal,,[]
struct_0649_relaxed.cif,BaTiO2,,unique,,,,,,trigonal,,[]
struct_0650_relaxed.cif,BaTiO2,,unique,,,,,,orthorhombic,,[]
struct_0651_relaxed.cif,Ba3Ti2O7,,unique,0.035799646948694065,mp-770118.cif,,,,monoclinic,,[]
struct_0652_relaxed.cif,Ba2TiO,,unique,,,,,,triclinic,,[]
struct_0653_relaxed.cif,Ba3Ti2O6,,unique,,,,,,tetragonal,,[]
struct_0654_relaxed.cif,BaTiO2,,unique,,,,,,trigonal,,[]
struct_0655_relaxed.cif,BaTiO3,,unique,,,,,,triclinic,,[]
struct_0656_relaxed.cif,BaTiO2,,unique,,,,,,trigonal,,[]
struct_0657_relaxed.cif,Ba2TiO4,,unique,,,,,,tetragonal,,[]
struct_0658_relaxed.cif,Ba2TiO3,,unique,,,,,,orthorhombic,,[]
struct_0660_relaxed.cif,BaTiO3,,unique,,,,,,triclinic,,[]
struct_0661_relaxed.cif,Ba3Ti2O8,,unique,,,,,,triclinic,,[]
struct_0662_relaxed.cif,BaTiO2,,unique,,,,,,monoclinic,,[]
struct_0663_relaxed.cif,Ba2TiO4,,unique,,,,,,orthorhombic,,[]
struct_0664_relaxed.cif,Ba3TiO6,,unique,,,,,,cubic,,[]
struct_0665_relaxed.cif,Ba2TiO6,,unique,,,,,,monoclinic,,[]
struct_0667_relaxed.cif,BaTiO4,,unique,,,,,,monoclinic,,[]
struct_0668_relaxed.cif,BaTi2O,,unique,,,,,,tetragonal,,[]
struct_0669_relaxed.cif,Ba3Ti2O7,,unique,,,,,,monoclinic,,[]
struct_0670_relaxed.cif,Ba2TiO3,,unique,,,,,,triclinic,,[]
struct_0671_relaxed.cif,BaTiO2,,unique,,,,,,tetragonal,,[]
struct_0672_relaxed.cif,BaTiO3,,unique,,,,,,monoclinic,,[]
struct_0673_relaxed.cif,Ba4TiO4,,unique,,,,,,triclinic,,[]
struct_0674_relaxed.cif,Ba3TiO5,,unique,,,,,,orthorhombic,,[]
struct_0675_relaxed.cif,BaTiO2,,unique,,,,,,trigonal,,[]
struct_0676_relaxed.cif,Ba2Ti2O5,,unique,,,,,,tetragonal,,[]
struct_0677_relaxed.cif,Ba2TiO3,,unique,,,,,,monoclinic,,[]
struct_0678_relaxed.cif,BaTiO2,,unique,,,,,,tetragonal,,[]
struct_0679_relaxed.cif,BaTiO3,,unique,,,,,,monoclinic,,[]
struct_0680_relaxed.cif,Ba5Ti4O11,,unique,,,,,,triclinic,,[]
struct_0681_relaxed.cif,BaTiO2,,unique,,,,,,trigonal,,[]
struct_0682_relaxed.cif,Ba2TiO4,,unique,,,,,,monoclinic,,[]
struct_0683_relaxed.cif,BaTi2O6,,unique,,,,,,monoclinic,,[]
struct_0684_relaxed.cif,BaTiO2,,unique,,,,,,trigonal,,[]
struct_0685_relaxed.cif,Ba2TiO3,,unique,,,,,,monoclinic,,[]
struct_0686_relaxed.cif,BaTiO2,,unique,,,,,,monoclinic,,[]
struct_0688_relaxed.cif,BaTiO2,,unique,,,,,,trigonal,,[]
struct_0689_relaxed.cif,Ba2Ti3O7,,unique,,,,,,monoclinic,,[]
struct_0691_relaxed.cif,BaTiO2,,unique,,,,,,trigonal,,[]
struct_0692_relaxed.cif,Ba3Ti2O7,,unique,,,,,,triclinic,,[]
struct_0693_relaxed.cif,BaTiO4,,unique,,,,,,triclinic,,[]
struct_0694_relaxed.cif,Ba3Ti2O7,,unique,,,,,,triclinic,,[]
struct_0695_relaxed.cif,Ba3Ti3O2,,unique,,,,,,monoclinic,,[]
struct_0697_relaxed.cif,Ba2Ti2O5,,unique,,,,,,triclinic,,[]
struct_0698_relaxed.cif,Ba3Ti6O7,,unique,,,,,,orthorhombic,,[]
struct_0699_relaxed.cif,Ba2Ti2O7,,unique,,,,,,monoclinic,,[]
struct_0700_relaxed.cif,Ba3Ti2O6,,unique,,,,,,tetragonal,,[]
struct_0701_relaxed.cif,BaTiO2,,unique,,,,,,trigonal,,[]
struct_0702_relaxed.cif,BaTiO2,,unique,,,,,,monoclinic,,[]
struct_0703_relaxed.cif,BaTiO3,,unique,,,,,,monoclinic,,[]
struct_0705_relaxed.cif,BaTiO2,,unique,,,,,,orthorhombic,,[]
struct_0706_relaxed.cif,Ba3TiO2,,unique,,,,,,monoclinic,,[]
struct_0707_relaxed.cif,Ba3Ti2O7,,unique,0.025879257721391616,mp-770118.cif,,,,monoclinic,,[]
struct_0708_relaxed.cif,Ba2TiO3,,unique,,,,,,orthorhombic,,[]
struct_0709_relaxed.cif,Ba5Ti4O11,,unique,,,,,,monoclinic,,[]
struct_0710_relaxed.cif,BaTiO2,,unique,,,,,,trigonal,,[]
struct_0711_relaxed.cif,Ba2Ti3O7,,unique,,,,,,triclinic,,[]
struct_0713_relaxed.cif,Ba3Ti2O6,,unique,,,,,,tetragonal,,[]
struct_0714_relaxed.cif,BaTiO2,,unique,,,,,,trigonal,,[]
struct_0715_relaxed.cif,BaTiO2,,unique,,,,,,trigonal,,[]
struct_0716_relaxed.cif,Ba2Ti3O7,,unique,,,,,,triclinic,,[]
struct_0717_relaxed.cif,BaTiO4,,unique,,,,,,triclinic,,[]
struct_0718_relaxed.cif,BaTiO3,,unique,,,,,,triclinic,,[]
struct_0719_relaxed.cif,BaTiO4,,unique,,,,,,triclinic,,[]
struct_0720_relaxed.cif,Ba2TiO3,,unique,,,,,,orthorhombic,,[]
struct_0721_relaxed.cif,Ba3TiO4,,unique,,,,,,triclinic,,[]
struct_0722_relaxed.cif,BaTiO2,,unique,,,,,,trigonal,,[]
struct_0723_relaxed.cif,BaTiO2,,unique,,,,,,trigonal,,[]
struct_0724_relaxed.cif,BaTi2O4,,unique,,,,,,triclinic,,[]
struct_0725_relaxed.cif,BaTiO2,,unique,,,,,,triclinic,,[]
struct_0726_relaxed.cif,BaTiO2,,unique,,,,,,triclinic,,[]
struct_0727_relaxed.cif,BaTiO3,,unique,,,,,,orthorhombic,,[]
struct_0728_relaxed.cif,BaTiO2,,unique,,,,,,hexagonal,,[]
struct_0729_relaxed.cif,BaTiO3,,unique,,,,,,monoclinic,,[]
struct_0730_relaxed.cif,BaTiO2,,unique,,,,,,trigonal,,[]
struct_0731_relaxed.cif,BaTiO2,,unique,,,,,,monoclinic,,[]
struct_0732_relaxed.cif,Ba2Ti3O7,,unique,,,,,,monoclinic,,[]
struct_0733_relaxed.cif,Ba2TiO5,,unique,,,,,,triclinic,,[]
struct_0734_relaxed.cif,Ba2TiO3,,unique,,,,,,orthorhombic,,[]
struct_0735_relaxed.cif,Ba3Ti2O6,,unique,,,,,,tetragonal,,[]
struct_0736_relaxed.cif,Ba2TiO4,,unique,,,,,,monoclinic,,[]
struct_0737_relaxed.cif,BaTiO2,,unique,,,,,,trigonal,,[]
struct_0738_relaxed.cif,Ba3Ti2O7,,unique,,,,,,triclinic,,[]
struct_0739_relaxed.cif,Ba7TiO6,,unique,,,,,,monoclinic,,[]
struct_0740_relaxed.cif,Ba3Ti2O5,,unique,,,,,,monoclinic,,[]
struct_0741_relaxed.cif,BaTiO3,,unique,,,,,,orthorhombic,,[]
struct_0742_relaxed.cif,BaTiO4,,unique,,,,,,monoclinic,,[]
struct_0743_relaxed.cif,Ba2TiO3,,unique,,,,,,orthorhombic,,[]
struct_0744_relaxed.cif,Ba2Ti2O5,,unique,,,,,,monoclinic,,[]
struct_0745_relaxed.cif,BaTiO3,,unique,,,,,,orthorhombic,,[]
struct_0746_relaxed.cif,Ba2TiO4,,unique,,,,,,monoclinic,,[]
struct_0747_relaxed.cif,Ba2TiO3,,unique,,,,,,monoclinic,,[]
struct_0748_relaxed.cif,BaTiO3,,unique,,,,,,triclinic,,[]
struct_0749_relaxed.cif,Ba4Ti2O7,,unique,,,,,,triclinic,,[]
struct_0750_relaxed.cif,BaTiO2,,unique,,,,,,triclinic,,[]
struct_0751_relaxed.cif,BaTiO2,,unique,,,,,,triclinic,,[]
struct_0752_relaxed.cif,Ba2TiO5,,unique,,,,,,triclinic,,[]
struct_0753_relaxed.cif,Ba2TiO3,,unique,,,,,,tetragonal,,[]
struct_0754_relaxed.cif,Ba5Ti2O5,,unique,,,,,,monoclinic,,[]
struct_0755_relaxed.cif,Ba3TiO3,,unique,,,,,,monoclinic,,[]
struct_0756_relaxed.cif,Ba3Ti2O7,,unique,0.03649292209426835,mp-770118.cif,,,,monoclinic,,[]
struct_0757_relaxed.cif,Ba2TiO4,,unique,,,,,,tetragonal,,[]
struct_0758_relaxed.cif,Ba3TiO5,,unique,,,,,,triclinic,,[]
struct_0759_relaxed.cif,BaTiO3,,unique,,,,,,tetragonal,,[]
struct_0761_relaxed.cif,Ba2TiO3,,unique,,,,,,orthorhombic,,[]
struct_0762_relaxed.cif,BaTi2O5,,unique,,,,,,triclinic,,[]
struct_0763_relaxed.cif,Ba4Ti3O9,,unique,,,,,,monoclinic,,[]
struct_0765_relaxed.cif,BaTiO2,,unique,,,,,,trigonal,,[]
struct_0766_relaxed.cif,BaTiO2,,unique,,,,,,monoclinic,,[]
struct_0767_relaxed.cif,BaTiO2,,unique,,,,,,trigonal,,[]
struct_0768_relaxed.cif,Ba3TiO5,,unique,,,,,,monoclinic,,[]
struct_0769_relaxed.cif,BaTiO3,,unique,,,,,,monoclinic,,[]
struct_0770_relaxed.cif,BaTiO4,,unique,,,,,,triclinic,,[]
struct_0771_relaxed.cif,Ba2TiO3,,unique,,,,,,orthorhombic,,[]
struct_0772_relaxed.cif,Ba5Ti4O9,,unique,,,,,,triclinic,,[]
struct_0773_relaxed.cif,Ba2Ti2O5,,unique,,,,,,triclinic,,[]
struct_0774_relaxed.cif,Ba3TiO6,,unique,,,,,,triclinic,,[]
struct_0775_relaxed.cif,Ba5TiO2,,unique,,,,,,triclinic,,[]
struct_0776_relaxed.cif,Ba2TiO3,,unique,,,,,,tetragonal,,[]
struct_0777_relaxed.cif,Ba3Ti4O5,,unique,,,,,,monoclinic,,[]
struct_0778_relaxed.cif,BaTiO2,,unique,,,,,,trigonal,,[]
struct_0779_relaxed.cif,Ba5Ti4O11,,unique,,,,,,triclinic,,[]
struct_0780_relaxed.cif,Ba6Ti3O5,,unique,,,,,,monoclinic,,[]
struct_0781_relaxed.cif,Ba3Ti2O7,,unique,,,,,,monoclinic,,[]
struct_0782_relaxed.cif,BaTiO2,,unique,,,,,,trigonal,,[]
struct_0783_relaxed.cif,Ba4Ti3O9,,unique,,,,,,orthorhombic,,[]
struct_0784_relaxed.cif,Ba3Ti2O7,,unique,0.005818027086471799,mp-770118.cif,,,,monoclinic,,[]
struct_0785_relaxed.cif,Ba2TiO3,,unique,,,,,,tetragonal,,[]
struct_0786_relaxed.cif,Ba4Ti2O7,,unique,,,,,,triclinic,,[]
struct_0787_relaxed.cif,Ba2TiO5,,unique,,,,,,triclinic,,[]
struct_0788_relaxed.cif,BaTiO2,,unique,,,,,,orthorhombic,,[]
struct_0789_relaxed.cif,BaTiO,,unique,,,,,,monoclinic,,[]
struct_0791_relaxed.cif,Ba2Ti4O,,unique,,,,,,tetragonal,,[]
struct_0792_relaxed.cif,BaTi2O3,,unique,,,,,,orthorhombic,,[]
struct_0793_relaxed.cif,Ba2TiO4,,unique,,,,,,tetragonal,,[]
struct_0794_relaxed.cif,Ba2Ti2O5,,unique,,,,,,triclinic,,[]
struct_0795_relaxed.cif,BaTi2O5,,unique,,,,,,monoclinic,,[]
struct_0796_relaxed.cif,Ba2Ti3O3,,unique,,,,,,triclinic,,[]
struct_0797_relaxed.cif,BaTiO2,,unique,,,,,,trigonal,,[]
struct_0798_relaxed.cif,Ba3Ti2O7,,unique,0.005408263180517718,mp-770118.cif,,,,triclinic,,[]
struct_0799_relaxed.cif,BaTiO2,,unique,,,,,,trigonal,,[]
struct_0800_relaxed.cif,BaTiO4,,unique,,,,,,triclinic,,[]
